[{"model": "farmer.zone", "pk": 1, "fields": {"zone": "1"}}, {"model": "farmer.zone", "pk": 2, "fields": {"zone": "2"}}, {"model": "farmer.zone", "pk": 3, "fields": {"zone": "3"}}, {"model": "farmer.report", "pk": 7, "fields": {"fertilizer_used": "yes", "fertilizer_amount": 100, "month_numeric": 1, "month": "January", "year": 2018, "farm": 5, "report_date": "2018-01-01"}}, {"model": "farmer.report", "pk": 8, "fields": {"fertilizer_used": "yes", "fertilizer_amount": 10, "month_numeric": 1, "month": "January", "year": 2018, "farm": 6, "report_date": "2018-01-01"}}, {"model": "farmer.report", "pk": 9, "fields": {"fertilizer_used": "no", "fertilizer_amount": 0, "month_numeric": 1, "month": "January", "year": 2018, "farm": 7, "report_date": "2018-01-01"}}, {"model": "farmer.report", "pk": 10, "fields": {"fertilizer_used": "yes", "fertilizer_amount": 10, "month_numeric": 2, "month": "February", "year": 2018, "farm": 5, "report_date": "2018-02-01"}}, {"model": "farmer.report", "pk": 11, "fields": {"fertilizer_used": "yes", "fertilizer_amount": 10, "month_numeric": 2, "month": "February", "year": 2018, "farm": 6, "report_date": "2018-02-01"}}, {"model": "farmer.report", "pk": 12, "fields": {"fertilizer_used": "no", "fertilizer_amount": 10, "month_numeric": 2, "month": "February", "year": 2018, "farm": 8, "report_date": "2018-02-01"}}, {"model": "farmer.report", "pk": 13, "fields": {"fertilizer_used": "yes", "fertilizer_amount": 209, "month_numeric": 3, "month": "March", "year": 2018, "farm": 5, "report_date": "2018-03-01"}}, {"model": "farmer.report", "pk": 14, "fields": {"fertilizer_used": "no", "fertilizer_amount": 0, "month_numeric": 3, "month": "March", "year": 2018, "farm": 6, "report_date": "2018-03-01"}}, {"model": "farmer.report", "pk": 15, "fields": {"fertilizer_used": "yes", "fertilizer_amount": 32, "month_numeric": 3, "month": "March", "year": 2018, "farm": 8, "report_date": "2018-03-01"}}, {"model": "farmer.report", "pk": 16, "fields": {"fertilizer_used": null, "fertilizer_amount": null, "month_numeric": 6, "month": "June", "year": 2018, "farm": 5, "report_date": null}}, {"model": "farmer.reports_yield", "pk": 16, "fields": {"report_id": 7, "yield_number": "1", "planted_amount_trees": 32, "harvested_amount_trees": 23, "harvested_amount_kg_banana": 32}}, {"model": "farmer.reports_yield", "pk": 17, "fields": {"report_id": 7, "yield_number": "2", "planted_amount_trees": 12, "harvested_amount_trees": 54, "harvested_amount_kg_banana": 32}}, {"model": "farmer.reports_yield", "pk": 18, "fields": {"report_id": 7, "yield_number": "3", "planted_amount_trees": 26, "harvested_amount_trees": 34, "harvested_amount_kg_banana": 72}}, {"model": "farmer.reports_yield", "pk": 19, "fields": {"report_id": 7, "yield_number": "4", "planted_amount_trees": 12, "harvested_amount_trees": 10, "harvested_amount_kg_banana": 2}}, {"model": "farmer.reports_yield", "pk": 20, "fields": {"report_id": 7, "yield_number": "5", "planted_amount_trees": 0, "harvested_amount_trees": 12, "harvested_amount_kg_banana": 1}}, {"model": "farmer.reports_yield", "pk": 21, "fields": {"report_id": 10, "yield_number": "1", "planted_amount_trees": 20, "harvested_amount_trees": 21, "harvested_amount_kg_banana": 10}}, {"model": "farmer.reports_yield", "pk": 22, "fields": {"report_id": 10, "yield_number": "2", "planted_amount_trees": 12, "harvested_amount_trees": 21, "harvested_amount_kg_banana": 11}}, {"model": "farmer.reports_yield", "pk": 23, "fields": {"report_id": 10, "yield_number": "3", "planted_amount_trees": 20, "harvested_amount_trees": 1, "harvested_amount_kg_banana": 12}}, {"model": "farmer.reports_yield", "pk": 24, "fields": {"report_id": 10, "yield_number": "4", "planted_amount_trees": 70, "harvested_amount_trees": 50, "harvested_amount_kg_banana": 12}}, {"model": "farmer.reports_yield", "pk": 25, "fields": {"report_id": 10, "yield_number": "5", "planted_amount_trees": 0, "harvested_amount_trees": 12, "harvested_amount_kg_banana": 0}}, {"model": "farmer.reports_yield", "pk": 26, "fields": {"report_id": 13, "yield_number": "1", "planted_amount_trees": 12, "harvested_amount_trees": 31, "harvested_amount_kg_banana": 10}}, {"model": "farmer.reports_yield", "pk": 27, "fields": {"report_id": 13, "yield_number": "2", "planted_amount_trees": 10, "harvested_amount_trees": 32, "harvested_amount_kg_banana": 20}}, {"model": "farmer.reports_yield", "pk": 28, "fields": {"report_id": 13, "yield_number": "3", "planted_amount_trees": 23, "harvested_amount_trees": 30, "harvested_amount_kg_banana": 12}}, {"model": "farmer.reports_yield", "pk": 29, "fields": {"report_id": 13, "yield_number": "4", "planted_amount_trees": 20, "harvested_amount_trees": 32, "harvested_amount_kg_banana": 10}}, {"model": "farmer.reports_yield", "pk": 30, "fields": {"report_id": 13, "yield_number": "5", "planted_amount_trees": 43, "harvested_amount_trees": 54, "harvested_amount_kg_banana": 32}}, {"model": "farmer.reports_yield", "pk": 31, "fields": {"report_id": 8, "yield_number": "1", "planted_amount_trees": 23, "harvested_amount_trees": 34, "harvested_amount_kg_banana": 49}}, {"model": "farmer.reports_yield", "pk": 32, "fields": {"report_id": 8, "yield_number": "2", "planted_amount_trees": 11, "harvested_amount_trees": 21, "harvested_amount_kg_banana": 33}}, {"model": "farmer.reports_yield", "pk": 33, "fields": {"report_id": 8, "yield_number": "3", "planted_amount_trees": 32, "harvested_amount_trees": 93, "harvested_amount_kg_banana": 23}}, {"model": "farmer.reports_yield", "pk": 34, "fields": {"report_id": 8, "yield_number": "4", "planted_amount_trees": 32, "harvested_amount_trees": 32, "harvested_amount_kg_banana": 41}}, {"model": "farmer.reports_yield", "pk": 35, "fields": {"report_id": 8, "yield_number": "5", "planted_amount_trees": 54, "harvested_amount_trees": 33, "harvested_amount_kg_banana": 51}}, {"model": "farmer.reports_yield", "pk": 36, "fields": {"report_id": 11, "yield_number": "1", "planted_amount_trees": 32, "harvested_amount_trees": 33, "harvested_amount_kg_banana": 19}}, {"model": "farmer.reports_yield", "pk": 37, "fields": {"report_id": 11, "yield_number": "2", "planted_amount_trees": 22, "harvested_amount_trees": 54, "harvested_amount_kg_banana": 63}}, {"model": "farmer.reports_yield", "pk": 38, "fields": {"report_id": 11, "yield_number": "3", "planted_amount_trees": 15, "harvested_amount_trees": 32, "harvested_amount_kg_banana": 24}}, {"model": "farmer.reports_yield", "pk": 39, "fields": {"report_id": 11, "yield_number": "4", "planted_amount_trees": 43, "harvested_amount_trees": 32, "harvested_amount_kg_banana": 19}}, {"model": "farmer.reports_yield", "pk": 40, "fields": {"report_id": 11, "yield_number": "5", "planted_amount_trees": 62, "harvested_amount_trees": 35, "harvested_amount_kg_banana": 25}}, {"model": "farmer.reports_yield", "pk": 41, "fields": {"report_id": 14, "yield_number": "1", "planted_amount_trees": 14, "harvested_amount_trees": 52, "harvested_amount_kg_banana": 26}}, {"model": "farmer.reports_yield", "pk": 42, "fields": {"report_id": 14, "yield_number": "2", "planted_amount_trees": 15, "harvested_amount_trees": 32, "harvested_amount_kg_banana": 18}}, {"model": "farmer.reports_yield", "pk": 43, "fields": {"report_id": 14, "yield_number": "3", "planted_amount_trees": 31, "harvested_amount_trees": 27, "harvested_amount_kg_banana": 61}}, {"model": "farmer.reports_yield", "pk": 44, "fields": {"report_id": 14, "yield_number": "4", "planted_amount_trees": 12, "harvested_amount_trees": 43, "harvested_amount_kg_banana": 20}}, {"model": "farmer.reports_yield", "pk": 45, "fields": {"report_id": 14, "yield_number": "5", "planted_amount_trees": 19, "harvested_amount_trees": 61, "harvested_amount_kg_banana": 10}}, {"model": "farmer.factory_data", "pk": 13, "fields": {"kgs_received": 300, "month": 1, "year": 2018}}, {"model": "farmer.factory_data", "pk": 14, "fields": {"kgs_received": 170, "month": 2, "year": 2018}}, {"model": "farmer.factory_data", "pk": 15, "fields": {"kgs_received": 130, "month": 3, "year": 2018}}, {"model": "contenttypes.contenttype", "pk": 1, "fields": {"app_label": "admin", "model": "logentry"}}, {"model": "contenttypes.contenttype", "pk": 2, "fields": {"app_label": "auth", "model": "permission"}}, {"model": "contenttypes.contenttype", "pk": 3, "fields": {"app_label": "auth", "model": "group"}}, {"model": "contenttypes.contenttype", "pk": 4, "fields": {"app_label": "auth", "model": "user"}}, {"model": "contenttypes.contenttype", "pk": 5, "fields": {"app_label": "contenttypes", "model": "contenttype"}}, {"model": "contenttypes.contenttype", "pk": 6, "fields": {"app_label": "sessions", "model": "session"}}, {"model": "contenttypes.contenttype", "pk": 7, "fields": {"app_label": "farmer", "model": "fertilizer"}}, {"model": "contenttypes.contenttype", "pk": 8, "fields": {"app_label": "farmer", "model": "planting"}}, {"model": "contenttypes.contenttype", "pk": 9, "fields": {"app_label": "farmer", "model": "harvest"}}, {"model": "contenttypes.contenttype", "pk": 10, "fields": {"app_label": "farmer", "model": "farm"}}, {"model": "contenttypes.contenttype", "pk": 11, "fields": {"app_label": "farmer", "model": "year"}}, {"model": "contenttypes.contenttype", "pk": 12, "fields": {"app_label": "farmer", "model": "month"}}, {"model": "contenttypes.contenttype", "pk": 13, "fields": {"app_label": "farmer", "model": "zone"}}, {"model": "contenttypes.contenttype", "pk": 14, "fields": {"app_label": "farmer", "model": "yield"}}, {"model": "contenttypes.contenttype", "pk": 15, "fields": {"app_label": "farmer", "model": "tree"}}, {"model": "contenttypes.contenttype", "pk": 16, "fields": {"app_label": "farmer", "model": "report"}}, {"model": "contenttypes.contenttype", "pk": 17, "fields": {"app_label": "farmer", "model": "reports_yield"}}, {"model": "contenttypes.contenttype", "pk": 18, "fields": {"app_label": "farmer", "model": "date"}}, {"model": "contenttypes.contenttype", "pk": 19, "fields": {"app_label": "farmer", "model": "factory_data"}}, {"model": "sessions.session", "pk": "8omqmhdxbhr2clr47g5n6yx2pg3py7pz", "fields": {"session_data": "MTY1MzIzNTU0OTVmM2IyNzk0YjNiNTNjNDQ2NThmY2UwN2U1Y2QzNTp7Il9hdXRoX3VzZXJfaWQiOiIxIiwiX2F1dGhfdXNlcl9iYWNrZW5kIjoiZGphbmdvLmNvbnRyaWIuYXV0aC5iYWNrZW5kcy5Nb2RlbEJhY2tlbmQiLCJfYXV0aF91c2VyX2hhc2giOiI3ODBlYjhhOTRiNTNjNjNiZDZjNWRlZTQyMjE1MTI2ODZiMDM5OTQ2In0=", "expire_date": "2018-07-10T07:01:04.183Z"}}, {"model": "sessions.session", "pk": "k8i30p4wd94wy7r9104vuynpd9qeyoox", "fields": {"session_data": "MTY1MzIzNTU0OTVmM2IyNzk0YjNiNTNjNDQ2NThmY2UwN2U1Y2QzNTp7Il9hdXRoX3VzZXJfaWQiOiIxIiwiX2F1dGhfdXNlcl9iYWNrZW5kIjoiZGphbmdvLmNvbnRyaWIuYXV0aC5iYWNrZW5kcy5Nb2RlbEJhY2tlbmQiLCJfYXV0aF91c2VyX2hhc2giOiI3ODBlYjhhOTRiNTNjNjNiZDZjNWRlZTQyMjE1MTI2ODZiMDM5OTQ2In0=", "expire_date": "2018-07-11T02:12:33.864Z"}}, {"model": "sessions.session", "pk": "nduneo9npxulcxf9silhnyr0euklqbm8", "fields": {"session_data": "MTY1MzIzNTU0OTVmM2IyNzk0YjNiNTNjNDQ2NThmY2UwN2U1Y2QzNTp7Il9hdXRoX3VzZXJfaWQiOiIxIiwiX2F1dGhfdXNlcl9iYWNrZW5kIjoiZGphbmdvLmNvbnRyaWIuYXV0aC5iYWNrZW5kcy5Nb2RlbEJhY2tlbmQiLCJfYXV0aF91c2VyX2hhc2giOiI3ODBlYjhhOTRiNTNjNjNiZDZjNWRlZTQyMjE1MTI2ODZiMDM5OTQ2In0=", "expire_date": "2018-07-13T06:59:06.539Z"}}, {"model": "auth.permission", "pk": 1, "fields": {"name": "Can add log entry", "content_type": 1, "codename": "add_logentry"}}, {"model": "auth.permission", "pk": 2, "fields": {"name": "Can change log entry", "content_type": 1, "codename": "change_logentry"}}, {"model": "auth.permission", "pk": 3, "fields": {"name": "Can delete log entry", "content_type": 1, "codename": "delete_logentry"}}, {"model": "auth.permission", "pk": 4, "fields": {"name": "Can add permission", "content_type": 2, "codename": "add_permission"}}, {"model": "auth.permission", "pk": 5, "fields": {"name": "Can change permission", "content_type": 2, "codename": "change_permission"}}, {"model": "auth.permission", "pk": 6, "fields": {"name": "Can delete permission", "content_type": 2, "codename": "delete_permission"}}, {"model": "auth.permission", "pk": 7, "fields": {"name": "Can add group", "content_type": 3, "codename": "add_group"}}, {"model": "auth.permission", "pk": 8, "fields": {"name": "Can change group", "content_type": 3, "codename": "change_group"}}, {"model": "auth.permission", "pk": 9, "fields": {"name": "Can delete group", "content_type": 3, "codename": "delete_group"}}, {"model": "auth.permission", "pk": 10, "fields": {"name": "Can add user", "content_type": 4, "codename": "add_user"}}, {"model": "auth.permission", "pk": 11, "fields": {"name": "Can change user", "content_type": 4, "codename": "change_user"}}, {"model": "auth.permission", "pk": 12, "fields": {"name": "Can delete user", "content_type": 4, "codename": "delete_user"}}, {"model": "auth.permission", "pk": 13, "fields": {"name": "Can add content type", "content_type": 5, "codename": "add_contenttype"}}, {"model": "auth.permission", "pk": 14, "fields": {"name": "Can change content type", "content_type": 5, "codename": "change_contenttype"}}, {"model": "auth.permission", "pk": 15, "fields": {"name": "Can delete content type", "content_type": 5, "codename": "delete_contenttype"}}, {"model": "auth.permission", "pk": 16, "fields": {"name": "Can add session", "content_type": 6, "codename": "add_session"}}, {"model": "auth.permission", "pk": 17, "fields": {"name": "Can change session", "content_type": 6, "codename": "change_session"}}, {"model": "auth.permission", "pk": 18, "fields": {"name": "Can delete session", "content_type": 6, "codename": "delete_session"}}, {"model": "auth.permission", "pk": 19, "fields": {"name": "Can add fertilizer", "content_type": 7, "codename": "add_fertilizer"}}, {"model": "auth.permission", "pk": 20, "fields": {"name": "Can change fertilizer", "content_type": 7, "codename": "change_fertilizer"}}, {"model": "auth.permission", "pk": 21, "fields": {"name": "Can delete fertilizer", "content_type": 7, "codename": "delete_fertilizer"}}, {"model": "auth.permission", "pk": 22, "fields": {"name": "Can add planting", "content_type": 8, "codename": "add_planting"}}, {"model": "auth.permission", "pk": 23, "fields": {"name": "Can change planting", "content_type": 8, "codename": "change_planting"}}, {"model": "auth.permission", "pk": 24, "fields": {"name": "Can delete planting", "content_type": 8, "codename": "delete_planting"}}, {"model": "auth.permission", "pk": 25, "fields": {"name": "Can add harvest", "content_type": 9, "codename": "add_harvest"}}, {"model": "auth.permission", "pk": 26, "fields": {"name": "Can change harvest", "content_type": 9, "codename": "change_harvest"}}, {"model": "auth.permission", "pk": 27, "fields": {"name": "Can delete harvest", "content_type": 9, "codename": "delete_harvest"}}, {"model": "auth.permission", "pk": 28, "fields": {"name": "Can add farm", "content_type": 10, "codename": "add_farm"}}, {"model": "auth.permission", "pk": 29, "fields": {"name": "Can change farm", "content_type": 10, "codename": "change_farm"}}, {"model": "auth.permission", "pk": 30, "fields": {"name": "Can delete farm", "content_type": 10, "codename": "delete_farm"}}, {"model": "auth.permission", "pk": 31, "fields": {"name": "Can add year", "content_type": 11, "codename": "add_year"}}, {"model": "auth.permission", "pk": 32, "fields": {"name": "Can change year", "content_type": 11, "codename": "change_year"}}, {"model": "auth.permission", "pk": 33, "fields": {"name": "Can delete year", "content_type": 11, "codename": "delete_year"}}, {"model": "auth.permission", "pk": 34, "fields": {"name": "Can add month", "content_type": 12, "codename": "add_month"}}, {"model": "auth.permission", "pk": 35, "fields": {"name": "Can change month", "content_type": 12, "codename": "change_month"}}, {"model": "auth.permission", "pk": 36, "fields": {"name": "Can delete month", "content_type": 12, "codename": "delete_month"}}, {"model": "auth.permission", "pk": 37, "fields": {"name": "Can add zone", "content_type": 13, "codename": "add_zone"}}, {"model": "auth.permission", "pk": 38, "fields": {"name": "Can change zone", "content_type": 13, "codename": "change_zone"}}, {"model": "auth.permission", "pk": 39, "fields": {"name": "Can delete zone", "content_type": 13, "codename": "delete_zone"}}, {"model": "auth.permission", "pk": 40, "fields": {"name": "Can add yield", "content_type": 14, "codename": "add_yield"}}, {"model": "auth.permission", "pk": 41, "fields": {"name": "Can change yield", "content_type": 14, "codename": "change_yield"}}, {"model": "auth.permission", "pk": 42, "fields": {"name": "Can delete yield", "content_type": 14, "codename": "delete_yield"}}, {"model": "auth.permission", "pk": 43, "fields": {"name": "Can add tree", "content_type": 15, "codename": "add_tree"}}, {"model": "auth.permission", "pk": 44, "fields": {"name": "Can change tree", "content_type": 15, "codename": "change_tree"}}, {"model": "auth.permission", "pk": 45, "fields": {"name": "Can delete tree", "content_type": 15, "codename": "delete_tree"}}, {"model": "auth.permission", "pk": 46, "fields": {"name": "Can add report", "content_type": 16, "codename": "add_report"}}, {"model": "auth.permission", "pk": 47, "fields": {"name": "Can change report", "content_type": 16, "codename": "change_report"}}, {"model": "auth.permission", "pk": 48, "fields": {"name": "Can delete report", "content_type": 16, "codename": "delete_report"}}, {"model": "auth.permission", "pk": 49, "fields": {"name": "Can add reports_ yield", "content_type": 17, "codename": "add_reports_yield"}}, {"model": "auth.permission", "pk": 50, "fields": {"name": "Can change reports_ yield", "content_type": 17, "codename": "change_reports_yield"}}, {"model": "auth.permission", "pk": 51, "fields": {"name": "Can delete reports_ yield", "content_type": 17, "codename": "delete_reports_yield"}}, {"model": "auth.permission", "pk": 52, "fields": {"name": "Can add date", "content_type": 18, "codename": "add_date"}}, {"model": "auth.permission", "pk": 53, "fields": {"name": "Can change date", "content_type": 18, "codename": "change_date"}}, {"model": "auth.permission", "pk": 54, "fields": {"name": "Can delete date", "content_type": 18, "codename": "delete_date"}}, {"model": "auth.permission", "pk": 55, "fields": {"name": "Can add factory_ data", "content_type": 19, "codename": "add_factory_data"}}, {"model": "auth.permission", "pk": 56, "fields": {"name": "Can change factory_ data", "content_type": 19, "codename": "change_factory_data"}}, {"model": "auth.permission", "pk": 57, "fields": {"name": "Can delete factory_ data", "content_type": 19, "codename": "delete_factory_data"}}, {"model": "auth.group", "pk": 1, "fields": {"name": "farmer", "permissions": []}}, {"model": "auth.group", "pk": 2, "fields": {"name": "factory", "permissions": []}}, {"model": "auth.group", "pk": 3, "fields": {"name": "government", "permissions": []}}, {"model": "auth.user", "pk": 1, "fields": {"password": "pbkdf2_sha256$100000$xsl8Q57ACZAR$Op2LqkOuoCmEQhAlBHCryaiSDgCCn2XgkTUJGJCQlFI=", "last_login": "2018-06-29T06:59:06.512Z", "is_superuser": true, "username": "admin", "first_name": "Admin", "last_name": "Person", "email": "qq@qq.qq", "is_staff": true, "is_active": true, "date_joined": "2018-06-19T03:25:47Z", "groups": [1, 2, 3], "user_permissions": []}}, {"model": "auth.user", "pk": 5, "fields": {"password": "pbkdf2_sha256$100000$wLLUoENRQuqv$1JEj0T7AisGoAJu5GRcRrg8mQj7bKVN2Lc2AnWo8U18=", "last_login": "2018-06-29T06:19:14.691Z", "is_superuser": false, "username": "farmer1", "first_name": "Haziq", "last_name": "Wong", "email": "haziq@mail.com", "is_staff": false, "is_active": true, "date_joined": "2018-06-29T05:44:56Z", "groups": [1], "user_permissions": []}}, {"model": "auth.user", "pk": 6, "fields": {"password": "pbkdf2_sha256$100000$zWU1RMmxwD8G$pqW7KoqPbrZ+AlagxOMThhKHT9siUieZxphpgHCyC6Y=", "last_login": null, "is_superuser": false, "username": "farmer2", "first_name": "Adib", "last_name": "Chui", "email": "adib@mail.com", "is_staff": false, "is_active": true, "date_joined": "2018-06-29T05:48:07Z", "groups": [1], "user_permissions": []}}, {"model": "auth.user", "pk": 7, "fields": {"password": "pbkdf2_sha256$100000$m9z0K5m5zJf5$6Pzdfke8ttChaIDOmr8/hdYZlZLRlQtnYDl0bjFQYn8=", "last_login": null, "is_superuser": false, "username": "farmer3", "first_name": "Aisyah", "last_name": "Kam", "email": "aisyah@mail.com", "is_staff": false, "is_active": true, "date_joined": "2018-06-29T05:49:34Z", "groups": [1], "user_permissions": []}}, {"model": "auth.user", "pk": 8, "fields": {"password": "pbkdf2_sha256$100000$NoWoWqhf3xMx$nbALUpNM4RKfRVX+D2nS0JCROGNgE4KNQtM/EDQT5e4=", "last_login": null, "is_superuser": false, "username": "farmer4", "first_name": "Hana", "last_name": "Fan", "email": "hana@mail.com", "is_staff": false, "is_active": true, "date_joined": "2018-06-29T05:50:34Z", "groups": [1], "user_permissions": []}}, {"model": "auth.user", "pk": 9, "fields": {"password": "pbkdf2_sha256$100000$s8LjaolCOlPT$gl0Y3sR+4XnA4Aqdx+6eTGnhx6DoI4JCBqAlug0Xeeg=", "last_login": null, "is_superuser": false, "username": "factory", "first_name": "", "last_name": "", "email": "", "is_staff": false, "is_active": true, "date_joined": "2018-06-29T05:51:29Z", "groups": [2], "user_permissions": []}}, {"model": "auth.user", "pk": 10, "fields": {"password": "pbkdf2_sha256$100000$X8i79y6eSxuE$xg+QnJDgYKO2qXhBENlNEOm628Pr3+3x6YZ2YgTs9AE=", "last_login": null, "is_superuser": false, "username": "government", "first_name": "", "last_name": "", "email": "", "is_staff": false, "is_active": true, "date_joined": "2018-06-29T05:51:53Z", "groups": [3], "user_permissions": []}}, {"model": "admin.logentry", "pk": 1, "fields": {"action_time": "2018-06-24T06:00:04.079Z", "user": 1, "content_type": 14, "object_id": "1", "object_repr": "1", "action_flag": 1, "change_message": "[{\"added\": {}}]"}}, {"model": "admin.logentry", "pk": 2, "fields": {"action_time": "2018-06-24T06:00:16.324Z", "user": 1, "content_type": 11, "object_id": "1", "object_repr": "2018", "action_flag": 1, "change_message": "[{\"added\": {}}]"}}, {"model": "admin.logentry", "pk": 3, "fields": {"action_time": "2018-06-24T06:00:21.407Z", "user": 1, "content_type": 12, "object_id": "1", "object_repr": "Januaru 2018", "action_flag": 1, "change_message": "[{\"added\": {}}]"}}, {"model": "admin.logentry", "pk": 4, "fields": {"action_time": "2018-06-24T06:00:28.102Z", "user": 1, "content_type": 12, "object_id": "1", "object_repr": "Januari 2018", "action_flag": 2, "change_message": "[{\"changed\": {\"fields\": [\"name\"]}}]"}}, {"model": "admin.logentry", "pk": 5, "fields": {"action_time": "2018-06-24T06:00:57.132Z", "user": 1, "content_type": 13, "object_id": "1", "object_repr": "Zone 6", "action_flag": 1, "change_message": "[{\"added\": {}}]"}}, {"model": "admin.logentry", "pk": 6, "fields": {"action_time": "2018-06-24T06:00:59.396Z", "user": 1, "content_type": 10, "object_id": "1", "object_repr": "Test farm", "action_flag": 1, "change_message": "[{\"added\": {}}]"}}, {"model": "admin.logentry", "pk": 7, "fields": {"action_time": "2018-06-24T06:01:02.451Z", "user": 1, "content_type": 16, "object_id": "1", "object_repr": "Test farm Januari 2018", "action_flag": 1, "change_message": "[{\"added\": {}}]"}}, {"model": "admin.logentry", "pk": 8, "fields": {"action_time": "2018-06-24T06:37:24.331Z", "user": 1, "content_type": 17, "object_id": "1", "object_repr": "Test farm Januari 2018: 1", "action_flag": 1, "change_message": "[{\"added\": {}}]"}}, {"model": "admin.logentry", "pk": 9, "fields": {"action_time": "2018-06-24T06:46:05.972Z", "user": 1, "content_type": 17, "object_id": "2", "object_repr": "Test farm Januari 2018: 3", "action_flag": 1, "change_message": "[{\"added\": {}}]"}}, {"model": "admin.logentry", "pk": 10, "fields": {"action_time": "2018-06-24T08:48:00.644Z", "user": 1, "content_type": 16, "object_id": "1", "object_repr": "Test farm Januari 2018", "action_flag": 2, "change_message": "[{\"changed\": {\"fields\": [\"amount\"]}}]"}}, {"model": "admin.logentry", "pk": 11, "fields": {"action_time": "2018-06-25T03:21:42.188Z", "user": 1, "content_type": 4, "object_id": "2", "object_repr": "will", "action_flag": 1, "change_message": "[{\"added\": {}}]"}}, {"model": "admin.logentry", "pk": 12, "fields": {"action_time": "2018-06-25T03:31:13.047Z", "user": 1, "content_type": 4, "object_id": "3", "object_repr": "ussr", "action_flag": 1, "change_message": "[{\"added\": {}}]"}}, {"model": "admin.logentry", "pk": 13, "fields": {"action_time": "2018-06-25T07:34:03.030Z", "user": 1, "content_type": 17, "object_id": "5", "object_repr": "Test farm Januari 2018: 1", "action_flag": 2, "change_message": "[{\"changed\": {\"fields\": [\"yield_number\", \"harvested_amount_kg_banana\"]}}]"}}, {"model": "admin.logentry", "pk": 14, "fields": {"action_time": "2018-06-25T07:38:22.491Z", "user": 1, "content_type": 10, "object_id": "2", "object_repr": "Testing", "action_flag": 1, "change_message": "[{\"added\": {}}]"}}, {"model": "admin.logentry", "pk": 15, "fields": {"action_time": "2018-06-25T14:00:43.524Z", "user": 1, "content_type": 16, "object_id": "1", "object_repr": "Test farm Januari 2018", "action_flag": 2, "change_message": "[{\"changed\": {\"fields\": [\"fertilizer_used\", \"report_year\", \"report_month\"]}}]"}}, {"model": "admin.logentry", "pk": 16, "fields": {"action_time": "2018-06-25T14:03:21.645Z", "user": 1, "content_type": 16, "object_id": "2", "object_repr": "Test farm Januari 2018", "action_flag": 1, "change_message": "[{\"added\": {}}]"}}, {"model": "admin.logentry", "pk": 17, "fields": {"action_time": "2018-06-25T10:08:36.388Z", "user": 1, "content_type": 17, "object_id": "4", "object_repr": "Test farm Januari 2018: 1", "action_flag": 2, "change_message": "[{\"changed\": {\"fields\": [\"report_id\", \"yield_number\"]}}]"}}, {"model": "admin.logentry", "pk": 18, "fields": {"action_time": "2018-06-25T10:10:39.663Z", "user": 1, "content_type": 17, "object_id": "2", "object_repr": "Test farm Januari 2018: 2", "action_flag": 2, "change_message": "[{\"changed\": {\"fields\": [\"report_id\", \"yield_number\"]}}]"}}, {"model": "admin.logentry", "pk": 19, "fields": {"action_time": "2018-06-25T11:25:06.091Z", "user": 1, "content_type": 10, "object_id": "3", "object_repr": "Somebodyes farmsine", "action_flag": 1, "change_message": "[{\"added\": {}}]"}}, {"model": "admin.logentry", "pk": 20, "fields": {"action_time": "2018-06-26T04:13:11.883Z", "user": 1, "content_type": 3, "object_id": "1", "object_repr": "farmers", "action_flag": 1, "change_message": "[{\"added\": {}}]"}}, {"model": "admin.logentry", "pk": 21, "fields": {"action_time": "2018-06-26T04:13:26.880Z", "user": 1, "content_type": 3, "object_id": "2", "object_repr": "factory", "action_flag": 1, "change_message": "[{\"added\": {}}]"}}, {"model": "admin.logentry", "pk": 22, "fields": {"action_time": "2018-06-26T04:13:32.037Z", "user": 1, "content_type": 3, "object_id": "3", "object_repr": "government", "action_flag": 1, "change_message": "[{\"added\": {}}]"}}, {"model": "admin.logentry", "pk": 23, "fields": {"action_time": "2018-06-26T04:13:40.775Z", "user": 1, "content_type": 3, "object_id": "1", "object_repr": "farmer", "action_flag": 2, "change_message": "[{\"changed\": {\"fields\": [\"name\"]}}]"}}, {"model": "admin.logentry", "pk": 24, "fields": {"action_time": "2018-06-26T04:14:05.238Z", "user": 1, "content_type": 4, "object_id": "2", "object_repr": "will", "action_flag": 2, "change_message": "[{\"changed\": {\"fields\": [\"groups\"]}}]"}}, {"model": "admin.logentry", "pk": 25, "fields": {"action_time": "2018-06-26T04:18:27.348Z", "user": 1, "content_type": 4, "object_id": "1", "object_repr": "admin", "action_flag": 2, "change_message": "[{\"changed\": {\"fields\": [\"groups\"]}}]"}}, {"model": "admin.logentry", "pk": 26, "fields": {"action_time": "2018-06-26T04:45:59.524Z", "user": 1, "content_type": 4, "object_id": "1", "object_repr": "admin", "action_flag": 2, "change_message": "[{\"changed\": {\"fields\": [\"groups\"]}}]"}}, {"model": "admin.logentry", "pk": 27, "fields": {"action_time": "2018-06-26T05:03:18.315Z", "user": 1, "content_type": 4, "object_id": "2", "object_repr": "will", "action_flag": 2, "change_message": "[{\"changed\": {\"fields\": [\"password\"]}}]"}}, {"model": "admin.logentry", "pk": 28, "fields": {"action_time": "2018-06-26T05:48:27.143Z", "user": 1, "content_type": 4, "object_id": "1", "object_repr": "admin", "action_flag": 2, "change_message": "[{\"changed\": {\"fields\": [\"groups\"]}}]"}}, {"model": "admin.logentry", "pk": 29, "fields": {"action_time": "2018-06-26T11:49:00.098Z", "user": 1, "content_type": 16, "object_id": "3", "object_repr": "Test farm May 2018", "action_flag": 2, "change_message": "[{\"changed\": {\"fields\": [\"fertilizer_used\", \"fertilizer_amount\", \"month\", \"month_numeric\"]}}]"}}, {"model": "admin.logentry", "pk": 30, "fields": {"action_time": "2018-06-26T11:50:10.032Z", "user": 1, "content_type": 16, "object_id": "4", "object_repr": "Test farm June 2018", "action_flag": 3, "change_message": ""}}, {"model": "admin.logentry", "pk": 31, "fields": {"action_time": "2018-06-26T12:05:18.026Z", "user": 1, "content_type": 17, "object_id": "10", "object_repr": "Test farm May 2018: 1", "action_flag": 2, "change_message": "[{\"changed\": {\"fields\": [\"yield_number\"]}}]"}}, {"model": "admin.logentry", "pk": 32, "fields": {"action_time": "2018-06-26T12:05:27.024Z", "user": 1, "content_type": 17, "object_id": "9", "object_repr": "Test farm May 2018: 2", "action_flag": 2, "change_message": "[{\"changed\": {\"fields\": [\"yield_number\"]}}]"}}, {"model": "admin.logentry", "pk": 33, "fields": {"action_time": "2018-06-26T12:05:38.563Z", "user": 1, "content_type": 17, "object_id": "8", "object_repr": "Test farm May 2018: 3", "action_flag": 2, "change_message": "[{\"changed\": {\"fields\": [\"yield_number\"]}}]"}}, {"model": "admin.logentry", "pk": 34, "fields": {"action_time": "2018-06-26T12:05:58.161Z", "user": 1, "content_type": 17, "object_id": "7", "object_repr": "Test farm May 2018: 4", "action_flag": 2, "change_message": "[{\"changed\": {\"fields\": [\"yield_number\"]}}]"}}, {"model": "admin.logentry", "pk": 35, "fields": {"action_time": "2018-06-26T12:06:05.156Z", "user": 1, "content_type": 17, "object_id": "6", "object_repr": "Test farm May 2018: 5", "action_flag": 2, "change_message": "[{\"changed\": {\"fields\": [\"yield_number\"]}}]"}}, {"model": "admin.logentry", "pk": 36, "fields": {"action_time": "2018-06-26T12:06:38.356Z", "user": 1, "content_type": 17, "object_id": "3", "object_repr": "Test farm 1 2018: 4", "action_flag": 2, "change_message": "[{\"changed\": {\"fields\": [\"yield_number\"]}}]"}}, {"model": "admin.logentry", "pk": 37, "fields": {"action_time": "2018-06-26T12:06:44.915Z", "user": 1, "content_type": 17, "object_id": "1", "object_repr": "Test farm 1 2018: 5", "action_flag": 2, "change_message": "[{\"changed\": {\"fields\": [\"yield_number\"]}}]"}}, {"model": "admin.logentry", "pk": 38, "fields": {"action_time": "2018-06-26T12:09:57.700Z", "user": 1, "content_type": 4, "object_id": "2", "object_repr": "will", "action_flag": 2, "change_message": "[{\"changed\": {\"fields\": [\"first_name\", \"last_name\"]}}]"}}, {"model": "admin.logentry", "pk": 39, "fields": {"action_time": "2018-06-26T12:28:05.073Z", "user": 1, "content_type": 4, "object_id": "1", "object_repr": "admin", "action_flag": 2, "change_message": "[{\"changed\": {\"fields\": [\"first_name\", \"last_name\"]}}]"}}, {"model": "admin.logentry", "pk": 40, "fields": {"action_time": "2018-06-26T14:01:40.046Z", "user": 1, "content_type": 4, "object_id": "1", "object_repr": "admin", "action_flag": 2, "change_message": "[{\"changed\": {\"fields\": [\"groups\"]}}]"}}, {"model": "admin.logentry", "pk": 41, "fields": {"action_time": "2018-06-27T02:07:30.782Z", "user": 1, "content_type": 10, "object_id": "4", "object_repr": "Willy Farm & Co", "action_flag": 1, "change_message": "[{\"added\": {}}]"}}, {"model": "admin.logentry", "pk": 42, "fields": {"action_time": "2018-06-27T02:42:57.700Z", "user": 1, "content_type": 16, "object_id": "5", "object_repr": "Test farm June 2018", "action_flag": 2, "change_message": "[{\"changed\": {\"fields\": [\"fertilizer_used\", \"fertilizer_amount\"]}}]"}}, {"model": "admin.logentry", "pk": 43, "fields": {"action_time": "2018-06-27T03:33:42.001Z", "user": 1, "content_type": 19, "object_id": "1", "object_repr": "Factory_Data object (1)", "action_flag": 1, "change_message": "[{\"added\": {}}]"}}, {"model": "admin.logentry", "pk": 44, "fields": {"action_time": "2018-06-27T03:33:47.786Z", "user": 1, "content_type": 19, "object_id": "2", "object_repr": "Factory_Data object (2)", "action_flag": 1, "change_message": "[{\"added\": {}}]"}}, {"model": "admin.logentry", "pk": 45, "fields": {"action_time": "2018-06-27T03:33:58.617Z", "user": 1, "content_type": 19, "object_id": "3", "object_repr": "Factory_Data object (3)", "action_flag": 1, "change_message": "[{\"added\": {}}]"}}, {"model": "admin.logentry", "pk": 46, "fields": {"action_time": "2018-06-27T03:34:05.294Z", "user": 1, "content_type": 19, "object_id": "4", "object_repr": "Factory_Data object (4)", "action_flag": 1, "change_message": "[{\"added\": {}}]"}}, {"model": "admin.logentry", "pk": 47, "fields": {"action_time": "2018-06-27T03:34:15.894Z", "user": 1, "content_type": 19, "object_id": "5", "object_repr": "Factory_Data object (5)", "action_flag": 1, "change_message": "[{\"added\": {}}]"}}, {"model": "admin.logentry", "pk": 48, "fields": {"action_time": "2018-06-27T07:12:04.197Z", "user": 1, "content_type": 19, "object_id": "8", "object_repr": "6: None", "action_flag": 3, "change_message": ""}}, {"model": "admin.logentry", "pk": 49, "fields": {"action_time": "2018-06-27T07:12:05.163Z", "user": 1, "content_type": 19, "object_id": "7", "object_repr": "6: None", "action_flag": 3, "change_message": ""}}, {"model": "admin.logentry", "pk": 50, "fields": {"action_time": "2018-06-27T07:12:05.181Z", "user": 1, "content_type": 19, "object_id": "6", "object_repr": "6: None", "action_flag": 3, "change_message": ""}}, {"model": "admin.logentry", "pk": 51, "fields": {"action_time": "2018-06-27T08:24:23.689Z", "user": 1, "content_type": 10, "object_id": "4", "object_repr": "Willy Farm & Co", "action_flag": 2, "change_message": "[{\"changed\": {\"fields\": [\"lat\", \"lng\"]}}]"}}, {"model": "admin.logentry", "pk": 52, "fields": {"action_time": "2018-06-27T08:27:35.533Z", "user": 1, "content_type": 10, "object_id": "3", "object_repr": "Somebodyes farmsine", "action_flag": 2, "change_message": "[{\"changed\": {\"fields\": [\"lat\", \"lng\"]}}]"}}, {"model": "admin.logentry", "pk": 53, "fields": {"action_time": "2018-06-27T08:27:49.093Z", "user": 1, "content_type": 10, "object_id": "2", "object_repr": "Testing", "action_flag": 2, "change_message": "[{\"changed\": {\"fields\": [\"lat\", \"lng\"]}}]"}}, {"model": "admin.logentry", "pk": 54, "fields": {"action_time": "2018-06-27T08:28:00.408Z", "user": 1, "content_type": 10, "object_id": "1", "object_repr": "Test farm", "action_flag": 2, "change_message": "[{\"changed\": {\"fields\": [\"lat\", \"lng\"]}}]"}}, {"model": "admin.logentry", "pk": 55, "fields": {"action_time": "2018-06-27T08:29:54.291Z", "user": 1, "content_type": 4, "object_id": "1", "object_repr": "admin", "action_flag": 2, "change_message": "[{\"changed\": {\"fields\": [\"groups\"]}}]"}}, {"model": "admin.logentry", "pk": 56, "fields": {"action_time": "2018-06-28T04:57:53.883Z", "user": 1, "content_type": 16, "object_id": "2", "object_repr": "Test farm 2 2018", "action_flag": 2, "change_message": "[{\"changed\": {\"fields\": [\"month\"]}}]"}}, {"model": "admin.logentry", "pk": 57, "fields": {"action_time": "2018-06-28T05:10:13.675Z", "user": 1, "content_type": 17, "object_id": "11", "object_repr": "Testing June 2018: 3", "action_flag": 2, "change_message": "[{\"changed\": {\"fields\": [\"yield_number\"]}}]"}}, {"model": "admin.logentry", "pk": 58, "fields": {"action_time": "2018-06-28T05:13:47.021Z", "user": 1, "content_type": 17, "object_id": "1", "object_repr": "Test farm 1 2018: 5", "action_flag": 2, "change_message": "[{\"changed\": {\"fields\": [\"harvested_amount_trees\"]}}]"}}, {"model": "admin.logentry", "pk": 59, "fields": {"action_time": "2018-06-28T05:13:56.491Z", "user": 1, "content_type": 17, "object_id": "2", "object_repr": "Test farm 2 2018: 2", "action_flag": 2, "change_message": "[{\"changed\": {\"fields\": [\"harvested_amount_trees\"]}}]"}}, {"model": "admin.logentry", "pk": 60, "fields": {"action_time": "2018-06-28T05:14:02.964Z", "user": 1, "content_type": 17, "object_id": "3", "object_repr": "Test farm 1 2018: 4", "action_flag": 2, "change_message": "[{\"changed\": {\"fields\": [\"harvested_amount_trees\"]}}]"}}, {"model": "admin.logentry", "pk": 61, "fields": {"action_time": "2018-06-28T05:14:09.388Z", "user": 1, "content_type": 17, "object_id": "4", "object_repr": "Test farm 2 2018: 1", "action_flag": 2, "change_message": "[{\"changed\": {\"fields\": [\"harvested_amount_trees\"]}}]"}}, {"model": "admin.logentry", "pk": 62, "fields": {"action_time": "2018-06-28T05:14:15.965Z", "user": 1, "content_type": 17, "object_id": "5", "object_repr": "Test farm 1 2018: 1", "action_flag": 2, "change_message": "[{\"changed\": {\"fields\": [\"harvested_amount_trees\"]}}]"}}, {"model": "admin.logentry", "pk": 63, "fields": {"action_time": "2018-06-28T05:14:35.420Z", "user": 1, "content_type": 17, "object_id": "6", "object_repr": "Test farm May 2018: 5", "action_flag": 2, "change_message": "[{\"changed\": {\"fields\": [\"harvested_amount_trees\"]}}]"}}, {"model": "admin.logentry", "pk": 64, "fields": {"action_time": "2018-06-28T05:14:48.279Z", "user": 1, "content_type": 17, "object_id": "7", "object_repr": "Test farm May 2018: 4", "action_flag": 2, "change_message": "[{\"changed\": {\"fields\": [\"harvested_amount_trees\"]}}]"}}, {"model": "admin.logentry", "pk": 65, "fields": {"action_time": "2018-06-28T05:14:56.123Z", "user": 1, "content_type": 17, "object_id": "8", "object_repr": "Test farm May 2018: 3", "action_flag": 2, "change_message": "[{\"changed\": {\"fields\": [\"harvested_amount_trees\"]}}]"}}, {"model": "admin.logentry", "pk": 66, "fields": {"action_time": "2018-06-28T05:15:03.606Z", "user": 1, "content_type": 17, "object_id": "9", "object_repr": "Test farm May 2018: 2", "action_flag": 2, "change_message": "[{\"changed\": {\"fields\": [\"harvested_amount_trees\"]}}]"}}, {"model": "admin.logentry", "pk": 67, "fields": {"action_time": "2018-06-28T05:15:12.120Z", "user": 1, "content_type": 17, "object_id": "10", "object_repr": "Test farm May 2018: 1", "action_flag": 2, "change_message": "[{\"changed\": {\"fields\": [\"harvested_amount_trees\"]}}]"}}, {"model": "admin.logentry", "pk": 68, "fields": {"action_time": "2018-06-28T09:44:50.108Z", "user": 1, "content_type": 4, "object_id": "4", "object_repr": "mrgovernment", "action_flag": 1, "change_message": "[{\"added\": {}}]"}}, {"model": "admin.logentry", "pk": 69, "fields": {"action_time": "2018-06-28T09:54:45.666Z", "user": 1, "content_type": 4, "object_id": "1", "object_repr": "admin", "action_flag": 2, "change_message": "[{\"changed\": {\"fields\": [\"groups\"]}}]"}}, {"model": "admin.logentry", "pk": 70, "fields": {"action_time": "2018-06-28T09:55:07.282Z", "user": 1, "content_type": 4, "object_id": "1", "object_repr": "admin", "action_flag": 2, "change_message": "[{\"changed\": {\"fields\": [\"groups\"]}}]"}}, {"model": "admin.logentry", "pk": 71, "fields": {"action_time": "2018-06-28T09:55:50.744Z", "user": 1, "content_type": 4, "object_id": "1", "object_repr": "admin", "action_flag": 2, "change_message": "[{\"changed\": {\"fields\": [\"groups\"]}}]"}}, {"model": "admin.logentry", "pk": 72, "fields": {"action_time": "2018-06-28T09:58:40.774Z", "user": 1, "content_type": 4, "object_id": "1", "object_repr": "admin", "action_flag": 2, "change_message": "[{\"changed\": {\"fields\": [\"groups\"]}}]"}}, {"model": "admin.logentry", "pk": 73, "fields": {"action_time": "2018-06-28T10:08:28.502Z", "user": 1, "content_type": 4, "object_id": "1", "object_repr": "admin", "action_flag": 2, "change_message": "[{\"changed\": {\"fields\": [\"groups\"]}}]"}}, {"model": "admin.logentry", "pk": 74, "fields": {"action_time": "2018-06-29T05:41:21.475Z", "user": 1, "content_type": 4, "object_id": "1", "object_repr": "admin", "action_flag": 2, "change_message": "[{\"changed\": {\"fields\": [\"first_name\", \"last_name\"]}}]"}}, {"model": "admin.logentry", "pk": 75, "fields": {"action_time": "2018-06-29T05:42:15.328Z", "user": 1, "content_type": 4, "object_id": "4", "object_repr": "mrgovernment", "action_flag": 3, "change_message": ""}}, {"model": "admin.logentry", "pk": 76, "fields": {"action_time": "2018-06-29T05:42:15.350Z", "user": 1, "content_type": 4, "object_id": "3", "object_repr": "ussr", "action_flag": 3, "change_message": ""}}, {"model": "admin.logentry", "pk": 77, "fields": {"action_time": "2018-06-29T05:42:15.376Z", "user": 1, "content_type": 4, "object_id": "2", "object_repr": "will", "action_flag": 3, "change_message": ""}}, {"model": "admin.logentry", "pk": 78, "fields": {"action_time": "2018-06-29T05:42:30.169Z", "user": 1, "content_type": 19, "object_id": "9", "object_repr": "6: 2018", "action_flag": 3, "change_message": ""}}, {"model": "admin.logentry", "pk": 79, "fields": {"action_time": "2018-06-29T05:42:30.191Z", "user": 1, "content_type": 19, "object_id": "5", "object_repr": "5: 2018", "action_flag": 3, "change_message": ""}}, {"model": "admin.logentry", "pk": 80, "fields": {"action_time": "2018-06-29T05:42:30.216Z", "user": 1, "content_type": 19, "object_id": "4", "object_repr": "4: 2018", "action_flag": 3, "change_message": ""}}, {"model": "admin.logentry", "pk": 81, "fields": {"action_time": "2018-06-29T05:42:30.243Z", "user": 1, "content_type": 19, "object_id": "1", "object_repr": "1: 2018", "action_flag": 3, "change_message": ""}}, {"model": "admin.logentry", "pk": 82, "fields": {"action_time": "2018-06-29T05:43:04.566Z", "user": 1, "content_type": 10, "object_id": "2", "object_repr": "Testing", "action_flag": 3, "change_message": ""}}, {"model": "admin.logentry", "pk": 83, "fields": {"action_time": "2018-06-29T05:43:04.588Z", "user": 1, "content_type": 10, "object_id": "1", "object_repr": "Test farm", "action_flag": 3, "change_message": ""}}, {"model": "admin.logentry", "pk": 84, "fields": {"action_time": "2018-06-29T05:43:23.802Z", "user": 1, "content_type": 13, "object_id": "1", "object_repr": "Zone 1", "action_flag": 2, "change_message": "[{\"changed\": {\"fields\": [\"zone\"]}}]"}}, {"model": "admin.logentry", "pk": 85, "fields": {"action_time": "2018-06-29T05:43:28.325Z", "user": 1, "content_type": 13, "object_id": "2", "object_repr": "Zone 2", "action_flag": 1, "change_message": "[{\"added\": {}}]"}}, {"model": "admin.logentry", "pk": 86, "fields": {"action_time": "2018-06-29T05:43:31.969Z", "user": 1, "content_type": 13, "object_id": "3", "object_repr": "Zone 3", "action_flag": 1, "change_message": "[{\"added\": {}}]"}}, {"model": "admin.logentry", "pk": 87, "fields": {"action_time": "2018-06-29T05:44:56.873Z", "user": 1, "content_type": 4, "object_id": "5", "object_repr": "farmer1", "action_flag": 1, "change_message": "[{\"added\": {}}]"}}, {"model": "admin.logentry", "pk": 88, "fields": {"action_time": "2018-06-29T05:47:27.267Z", "user": 1, "content_type": 4, "object_id": "5", "object_repr": "farmer1", "action_flag": 2, "change_message": "[{\"changed\": {\"fields\": [\"first_name\", \"last_name\", \"email\", \"groups\"]}}]"}}, {"model": "admin.logentry", "pk": 89, "fields": {"action_time": "2018-06-29T05:48:07.930Z", "user": 1, "content_type": 4, "object_id": "6", "object_repr": "farmer2", "action_flag": 1, "change_message": "[{\"added\": {}}]"}}, {"model": "admin.logentry", "pk": 90, "fields": {"action_time": "2018-06-29T05:49:13.998Z", "user": 1, "content_type": 4, "object_id": "6", "object_repr": "farmer2", "action_flag": 2, "change_message": "[{\"changed\": {\"fields\": [\"first_name\", \"last_name\", \"email\", \"groups\"]}}]"}}, {"model": "admin.logentry", "pk": 91, "fields": {"action_time": "2018-06-29T05:49:34.442Z", "user": 1, "content_type": 4, "object_id": "7", "object_repr": "farmer3", "action_flag": 1, "change_message": "[{\"added\": {}}]"}}, {"model": "admin.logentry", "pk": 92, "fields": {"action_time": "2018-06-29T05:50:02.632Z", "user": 1, "content_type": 4, "object_id": "7", "object_repr": "farmer3", "action_flag": 2, "change_message": "[{\"changed\": {\"fields\": [\"first_name\", \"last_name\", \"groups\"]}}]"}}, {"model": "admin.logentry", "pk": 93, "fields": {"action_time": "2018-06-29T05:50:20.875Z", "user": 1, "content_type": 4, "object_id": "7", "object_repr": "farmer3", "action_flag": 2, "change_message": "[{\"changed\": {\"fields\": [\"email\"]}}]"}}, {"model": "admin.logentry", "pk": 94, "fields": {"action_time": "2018-06-29T05:50:35.116Z", "user": 1, "content_type": 4, "object_id": "8", "object_repr": "farmer4", "action_flag": 1, "change_message": "[{\"added\": {}}]"}}, {"model": "admin.logentry", "pk": 95, "fields": {"action_time": "2018-06-29T05:51:16.191Z", "user": 1, "content_type": 4, "object_id": "8", "object_repr": "farmer4", "action_flag": 2, "change_message": "[{\"changed\": {\"fields\": [\"first_name\", \"last_name\", \"email\", \"groups\"]}}]"}}, {"model": "admin.logentry", "pk": 96, "fields": {"action_time": "2018-06-29T05:51:30.064Z", "user": 1, "content_type": 4, "object_id": "9", "object_repr": "factory", "action_flag": 1, "change_message": "[{\"added\": {}}]"}}, {"model": "admin.logentry", "pk": 97, "fields": {"action_time": "2018-06-29T05:51:37.379Z", "user": 1, "content_type": 4, "object_id": "9", "object_repr": "factory", "action_flag": 2, "change_message": "[{\"changed\": {\"fields\": [\"groups\"]}}]"}}, {"model": "admin.logentry", "pk": 98, "fields": {"action_time": "2018-06-29T05:51:53.497Z", "user": 1, "content_type": 4, "object_id": "10", "object_repr": "government", "action_flag": 1, "change_message": "[{\"added\": {}}]"}}, {"model": "admin.logentry", "pk": 99, "fields": {"action_time": "2018-06-29T05:52:02.799Z", "user": 1, "content_type": 4, "object_id": "10", "object_repr": "government", "action_flag": 2, "change_message": "[{\"changed\": {\"fields\": [\"groups\"]}}]"}}, {"model": "admin.logentry", "pk": 100, "fields": {"action_time": "2018-06-29T05:57:09.866Z", "user": 1, "content_type": 10, "object_id": "5", "object_repr": "Asajaya farm", "action_flag": 1, "change_message": "[{\"added\": {}}]"}}, {"model": "admin.logentry", "pk": 101, "fields": {"action_time": "2018-06-29T05:58:02.337Z", "user": 1, "content_type": 10, "object_id": "6", "object_repr": "Samarahan", "action_flag": 1, "change_message": "[{\"added\": {}}]"}}, {"model": "admin.logentry", "pk": 102, "fields": {"action_time": "2018-06-29T05:58:51.827Z", "user": 1, "content_type": 10, "object_id": "7", "object_repr": "Simunjan Banana farm", "action_flag": 1, "change_message": "[{\"added\": {}}]"}}, {"model": "admin.logentry", "pk": 103, "fields": {"action_time": "2018-06-29T05:59:44.196Z", "user": 1, "content_type": 10, "object_id": "8", "object_repr": "Unjan farmings", "action_flag": 1, "change_message": "[{\"added\": {}}]"}}, {"model": "admin.logentry", "pk": 104, "fields": {"action_time": "2018-06-29T06:04:13.042Z", "user": 1, "content_type": 16, "object_id": "7", "object_repr": "Asajaya farm January 2018", "action_flag": 1, "change_message": "[{\"added\": {}}]"}}, {"model": "admin.logentry", "pk": 105, "fields": {"action_time": "2018-06-29T06:04:43.121Z", "user": 1, "content_type": 16, "object_id": "8", "object_repr": "Samarahan January 2018", "action_flag": 1, "change_message": "[{\"added\": {}}]"}}, {"model": "admin.logentry", "pk": 106, "fields": {"action_time": "2018-06-29T06:05:04.111Z", "user": 1, "content_type": 16, "object_id": "9", "object_repr": "Simunjan Banana farm January 2018", "action_flag": 1, "change_message": "[{\"added\": {}}]"}}, {"model": "admin.logentry", "pk": 107, "fields": {"action_time": "2018-06-29T06:05:41.208Z", "user": 1, "content_type": 16, "object_id": "10", "object_repr": "Asajaya farm February 2018", "action_flag": 1, "change_message": "[{\"added\": {}}]"}}, {"model": "admin.logentry", "pk": 108, "fields": {"action_time": "2018-06-29T06:05:55.615Z", "user": 1, "content_type": 16, "object_id": "11", "object_repr": "Samarahan February 2018", "action_flag": 1, "change_message": "[{\"added\": {}}]"}}, {"model": "admin.logentry", "pk": 109, "fields": {"action_time": "2018-06-29T06:06:15.576Z", "user": 1, "content_type": 16, "object_id": "12", "object_repr": "Unjan farmings February 2018", "action_flag": 1, "change_message": "[{\"added\": {}}]"}}, {"model": "admin.logentry", "pk": 110, "fields": {"action_time": "2018-06-29T06:06:33.660Z", "user": 1, "content_type": 16, "object_id": "13", "object_repr": "Asajaya farm March 2018", "action_flag": 1, "change_message": "[{\"added\": {}}]"}}, {"model": "admin.logentry", "pk": 111, "fields": {"action_time": "2018-06-29T06:06:58.643Z", "user": 1, "content_type": 16, "object_id": "14", "object_repr": "Samarahan March 2018", "action_flag": 1, "change_message": "[{\"added\": {}}]"}}, {"model": "admin.logentry", "pk": 112, "fields": {"action_time": "2018-06-29T06:07:21.723Z", "user": 1, "content_type": 16, "object_id": "15", "object_repr": "Unjan farmings March 2018", "action_flag": 1, "change_message": "[{\"added\": {}}]"}}, {"model": "admin.logentry", "pk": 113, "fields": {"action_time": "2018-06-29T06:08:37.974Z", "user": 1, "content_type": 17, "object_id": "16", "object_repr": "Asajaya farm January 2018: 1", "action_flag": 1, "change_message": "[{\"added\": {}}]"}}, {"model": "admin.logentry", "pk": 114, "fields": {"action_time": "2018-06-29T06:08:47.861Z", "user": 1, "content_type": 17, "object_id": "17", "object_repr": "Asajaya farm January 2018: 2", "action_flag": 1, "change_message": "[{\"added\": {}}]"}}, {"model": "admin.logentry", "pk": 115, "fields": {"action_time": "2018-06-29T06:09:20.211Z", "user": 1, "content_type": 17, "object_id": "18", "object_repr": "Asajaya farm January 2018: 3", "action_flag": 1, "change_message": "[{\"added\": {}}]"}}, {"model": "admin.logentry", "pk": 116, "fields": {"action_time": "2018-06-29T06:09:31.109Z", "user": 1, "content_type": 17, "object_id": "19", "object_repr": "Asajaya farm January 2018: 4", "action_flag": 1, "change_message": "[{\"added\": {}}]"}}, {"model": "admin.logentry", "pk": 117, "fields": {"action_time": "2018-06-29T06:09:42.042Z", "user": 1, "content_type": 17, "object_id": "20", "object_repr": "Asajaya farm January 2018: 5", "action_flag": 1, "change_message": "[{\"added\": {}}]"}}, {"model": "admin.logentry", "pk": 118, "fields": {"action_time": "2018-06-29T06:09:56.968Z", "user": 1, "content_type": 17, "object_id": "21", "object_repr": "Asajaya farm February 2018: 1", "action_flag": 1, "change_message": "[{\"added\": {}}]"}}, {"model": "admin.logentry", "pk": 119, "fields": {"action_time": "2018-06-29T06:10:05.539Z", "user": 1, "content_type": 17, "object_id": "22", "object_repr": "Asajaya farm February 2018: 2", "action_flag": 1, "change_message": "[{\"added\": {}}]"}}, {"model": "admin.logentry", "pk": 120, "fields": {"action_time": "2018-06-29T06:10:16.510Z", "user": 1, "content_type": 17, "object_id": "23", "object_repr": "Asajaya farm February 2018: 3", "action_flag": 1, "change_message": "[{\"added\": {}}]"}}, {"model": "admin.logentry", "pk": 121, "fields": {"action_time": "2018-06-29T06:10:31.406Z", "user": 1, "content_type": 17, "object_id": "24", "object_repr": "Asajaya farm February 2018: 4", "action_flag": 1, "change_message": "[{\"added\": {}}]"}}, {"model": "admin.logentry", "pk": 122, "fields": {"action_time": "2018-06-29T06:10:47.153Z", "user": 1, "content_type": 17, "object_id": "25", "object_repr": "Asajaya farm February 2018: 5", "action_flag": 1, "change_message": "[{\"added\": {}}]"}}, {"model": "admin.logentry", "pk": 123, "fields": {"action_time": "2018-06-29T06:10:59.912Z", "user": 1, "content_type": 17, "object_id": "26", "object_repr": "Asajaya farm March 2018: 1", "action_flag": 1, "change_message": "[{\"added\": {}}]"}}, {"model": "admin.logentry", "pk": 124, "fields": {"action_time": "2018-06-29T06:11:10.061Z", "user": 1, "content_type": 17, "object_id": "27", "object_repr": "Asajaya farm March 2018: 2", "action_flag": 1, "change_message": "[{\"added\": {}}]"}}, {"model": "admin.logentry", "pk": 125, "fields": {"action_time": "2018-06-29T06:11:21.880Z", "user": 1, "content_type": 17, "object_id": "28", "object_repr": "Asajaya farm March 2018: 3", "action_flag": 1, "change_message": "[{\"added\": {}}]"}}, {"model": "admin.logentry", "pk": 126, "fields": {"action_time": "2018-06-29T06:11:32.638Z", "user": 1, "content_type": 17, "object_id": "29", "object_repr": "Asajaya farm March 2018: 4", "action_flag": 1, "change_message": "[{\"added\": {}}]"}}, {"model": "admin.logentry", "pk": 127, "fields": {"action_time": "2018-06-29T06:11:47.587Z", "user": 1, "content_type": 17, "object_id": "30", "object_repr": "Asajaya farm March 2018: 5", "action_flag": 1, "change_message": "[{\"added\": {}}]"}}, {"model": "admin.logentry", "pk": 128, "fields": {"action_time": "2018-06-29T06:14:12.237Z", "user": 1, "content_type": 17, "object_id": "31", "object_repr": "Samarahan January 2018: 1", "action_flag": 1, "change_message": "[{\"added\": {}}]"}}, {"model": "admin.logentry", "pk": 129, "fields": {"action_time": "2018-06-29T06:14:25.144Z", "user": 1, "content_type": 17, "object_id": "32", "object_repr": "Samarahan January 2018: 2", "action_flag": 1, "change_message": "[{\"added\": {}}]"}}, {"model": "admin.logentry", "pk": 130, "fields": {"action_time": "2018-06-29T06:14:35.779Z", "user": 1, "content_type": 17, "object_id": "33", "object_repr": "Samarahan January 2018: 3", "action_flag": 1, "change_message": "[{\"added\": {}}]"}}, {"model": "admin.logentry", "pk": 131, "fields": {"action_time": "2018-06-29T06:14:46.056Z", "user": 1, "content_type": 17, "object_id": "34", "object_repr": "Samarahan January 2018: 4", "action_flag": 1, "change_message": "[{\"added\": {}}]"}}, {"model": "admin.logentry", "pk": 132, "fields": {"action_time": "2018-06-29T06:15:00.980Z", "user": 1, "content_type": 17, "object_id": "35", "object_repr": "Samarahan January 2018: 5", "action_flag": 1, "change_message": "[{\"added\": {}}]"}}, {"model": "admin.logentry", "pk": 133, "fields": {"action_time": "2018-06-29T06:15:14.092Z", "user": 1, "content_type": 17, "object_id": "36", "object_repr": "Samarahan February 2018: 1", "action_flag": 1, "change_message": "[{\"added\": {}}]"}}, {"model": "admin.logentry", "pk": 134, "fields": {"action_time": "2018-06-29T06:15:28.689Z", "user": 1, "content_type": 17, "object_id": "37", "object_repr": "Samarahan February 2018: 2", "action_flag": 1, "change_message": "[{\"added\": {}}]"}}, {"model": "admin.logentry", "pk": 135, "fields": {"action_time": "2018-06-29T06:15:45.212Z", "user": 1, "content_type": 17, "object_id": "38", "object_repr": "Samarahan February 2018: 3", "action_flag": 1, "change_message": "[{\"added\": {}}]"}}, {"model": "admin.logentry", "pk": 136, "fields": {"action_time": "2018-06-29T06:15:56.922Z", "user": 1, "content_type": 17, "object_id": "39", "object_repr": "Samarahan February 2018: 4", "action_flag": 1, "change_message": "[{\"added\": {}}]"}}, {"model": "admin.logentry", "pk": 137, "fields": {"action_time": "2018-06-29T06:16:31.792Z", "user": 1, "content_type": 17, "object_id": "40", "object_repr": "Samarahan February 2018: 5", "action_flag": 1, "change_message": "[{\"added\": {}}]"}}, {"model": "admin.logentry", "pk": 138, "fields": {"action_time": "2018-06-29T06:16:46.198Z", "user": 1, "content_type": 17, "object_id": "41", "object_repr": "Samarahan March 2018: 1", "action_flag": 1, "change_message": "[{\"added\": {}}]"}}, {"model": "admin.logentry", "pk": 139, "fields": {"action_time": "2018-06-29T06:16:58.510Z", "user": 1, "content_type": 17, "object_id": "42", "object_repr": "Samarahan March 2018: 2", "action_flag": 1, "change_message": "[{\"added\": {}}]"}}, {"model": "admin.logentry", "pk": 140, "fields": {"action_time": "2018-06-29T06:17:10.980Z", "user": 1, "content_type": 17, "object_id": "43", "object_repr": "Samarahan March 2018: 3", "action_flag": 1, "change_message": "[{\"added\": {}}]"}}, {"model": "admin.logentry", "pk": 141, "fields": {"action_time": "2018-06-29T06:17:22.816Z", "user": 1, "content_type": 17, "object_id": "44", "object_repr": "Samarahan March 2018: 4", "action_flag": 1, "change_message": "[{\"added\": {}}]"}}, {"model": "admin.logentry", "pk": 142, "fields": {"action_time": "2018-06-29T06:17:35.823Z", "user": 1, "content_type": 17, "object_id": "45", "object_repr": "Samarahan March 2018: 5", "action_flag": 1, "change_message": "[{\"added\": {}}]"}}, {"model": "admin.logentry", "pk": 143, "fields": {"action_time": "2018-06-29T06:18:32.123Z", "user": 1, "content_type": 17, "object_id": "16", "object_repr": "Asajaya farm January 2018: 1", "action_flag": 2, "change_message": "[{\"changed\": {\"fields\": [\"planted_amount_trees\"]}}]"}}, {"model": "admin.logentry", "pk": 144, "fields": {"action_time": "2018-06-29T06:18:45.167Z", "user": 1, "content_type": 17, "object_id": "18", "object_repr": "Asajaya farm January 2018: 3", "action_flag": 2, "change_message": "[{\"changed\": {\"fields\": [\"planted_amount_trees\"]}}]"}}, {"model": "farmer.farm", "pk": 5, "fields": {"name": "Asajaya farm", "farmer": 5, "zone": 1, "lat": "1.537289", "lng": "110.567170"}}, {"model": "farmer.farm", "pk": 6, "fields": {"name": "Samarahan", "farmer": 6, "zone": 2, "lat": "1.394571", "lng": "110.478484"}}, {"model": "farmer.farm", "pk": 7, "fields": {"name": "Simunjan Banana farm", "farmer": 7, "zone": 3, "lat": "1.206612", "lng": "110.827388"}}, {"model": "farmer.farm", "pk": 8, "fields": {"name": "Unjan farmings", "farmer": 8, "zone": 3, "lat": "1.282125", "lng": "110.762843"}}]